{"respiratoryrate_mask": null, "heartrate_mask": null, "temperature_mask": null, "sbp_mask": null, "dbp_mask": null, "spo2_mask": null, "respiratoryrate_value": [0.0, 16.0, 18.0, 20.0, 196.0], "heartrate_value": [0.0, 69.0, 78.0, 87.0, 98.0, 440.0], "temperature_value": [1.0, 97.7, 98.1, 98.3, 98.7, 146.8], "sbp_value": [0.0, 106.0, 118.0, 130.0, 145.0, 463.0], "dbp_value": [-8.0, 57.0, 63.0, 69.0, 77.0, 344.0], "spo2_value": [0.0, 94.0, 95.0, 97.0, 98.0, 100.0], "respiratoryrate_min": [0.0, 16.0, 18.0, 19.0, 196.0], "respiratoryrate_max": [0.0, 16.0, 18.0, 22.0, 200.0], "respiratoryrate_mean": [0.0, 16.0, 17.666666666666668, 18.0, 20.0, 196.0], "heartrate_min": [0.0, 67.0, 76.0, 84.0, 95.0, 406.0], "heartrate_max": [0.0, 71.0, 81.0, 90.0, 101.0, 500.0], "heartrate_mean": [0.0, 69.5, 78.66666666666667, 87.0, 97.5, 406.0], "temperature_min": [1.0, 97.7, 98.0, 98.2, 98.6, 136.4], "temperature_max": [1.0, 97.7, 98.1, 98.3, 98.8, 146.8], "temperature_mean": [1.0, 97.7, 98.09999999999998, 98.3, 98.7, 136.4], "sbp_min": [-2.0, 102.0, 115.0, 126.0, 141.0, 423.0], "sbp_max": [0.0, 109.0, 122.0, 134.0, 150.0, 477.0], "sbp_mean": [0.0, 106.0, 118.0, 130.0, 144.33333333333334, 423.0], "dbp_min": [-8.0, 55.0, 60.0, 67.0, 75.0, 154.0], "dbp_max": [0.0, 59.0, 65.0, 72.0, 80.0, 344.0], "dbp_mean": [0.0, 57.0, 63.0, 69.0, 77.0, 164.33333333333334], "spo2_min": [0.0, 93.0, 95.0, 96.0, 98.0, 100.0], "spo2_max": [0.0, 94.0, 96.0, 97.0, 99.0, 100.0], "spo2_mean": [0.0, 94.0, 95.0, 96.66666666666667, 98.0, 100.0]}